{"cameraMode":{"drawMode":0,"name":"Shaded","section":"Shading Mode"},"sceneLighting":true,"audioPlay":false,"sceneViewState":{"showFog":true,"showMaterialUpdate":false,"showSkybox":true,"showFlares":true,"showImageEffects":true,"showParticleSystems":true},"in2DMode":false,"pivot":{"x":3.2358951568603517,"y":-3.173161268234253,"z":-4.252298355102539},"rotation":{"x":-0.09289681166410446,"y":-0.906050443649292,"z":0.31818488240242007,"w":-0.26357102394104006},"size":7.908520698547363,"orthographic":false}